0,Experiment_2023-09-19T16:09:27.219727_freckle_1_RPE-A.log
1,Experiment_2023-09-19T16:15:28.725921_freckle_2_RPE-A.log
2,Experiment_2023-09-19T16:17:33.909927_freckle_3_RPE-A.log
3,Experiment_2023-09-19T16:19:12.572307_freckle_4_RPE-A.log
4,Experiment_2023-09-19T16:19:55.728554_freckle_5_RPE-A.log
5,Experiment_2023-09-19T16:20:31.325039_freckle_6_RPE-A.log
6,Experiment_2023-09-19T16:23:23.201244_freckle_7_RPE-A.log
7,Experiment_2023-09-19T16:25:18.881790_freckle_8_RPE-A.log
8,Experiment_2023-09-19T16:26:25.978207_freckle_9_RPE-A.log
9,Experiment_2023-09-19T16:27:33.542567_freckle_10_RPE-A.log
10,Experiment_2023-09-19T16:29:16.673881_freckle_11_RPE-A.log
11,Experiment_2023-09-19T16:31:05.579656_freckle_12_RPE-A.log
12,Experiment_2023-09-19T16:32:35.392081_freckle_13_RPE-A.log
13,Experiment_2023-09-19T16:48:01.696929_freckle_14_RPE-A.log
14,Experiment_2023-09-19T19:56:16.884691_freckle_15_RPE-E.log
15,Experiment_2023-09-19T19:57:28.076623_freckle_16_RPE-E.log
16,Experiment_2023-09-19T19:58:55.304693_freckle_17_RPE-E.log
17,Experiment_2023-09-19T20:00:34.628352_freckle_18_RPE-E.log
18,Experiment_2023-09-19T20:05:45.745106_freckle_19_RPE-H.log
19,Experiment_2023-09-25T21:49:29.989350_freckle_20_RPE-A.log
20,Experiment_2023-09-25T21:49:59.343762_freckle_21_RPE-A.log
21,Experiment_2023-09-25T22:14:19.662742_freckle_22_RPE-A.log
22,Experiment_2023-09-25T22:25:05.044059_freckle_23_RPE-A.log
23,Experiment_2023-09-25T22:25:28.808732_freckle_24_RPE-A.log
24,Experiment_2023-09-25T22:26:25.748467_freckle_25_RPE-A.log
25,Experiment_2023-09-26T07:49:17.367344_freckle_26_RPE-A.log
26,Experiment_2023-09-26T07:57:14.692853_freckle_27_RPE-A.log
27,Experiment_2023-09-27T13:52:53.135793_freckle_28_RPE-A.log
28,Experiment_2023-09-27T14:03:18.319906_freckle_29_RPE-A.log
29,Experiment_2023-09-27T14:03:54.673201_freckle_30_RPE-A.log
30,Experiment_2023-09-27T14:07:15.632622_freckle_31_RPE-A.log
31,Experiment_2023-09-27T14:43:05.058804_freckle_32_RPE-A.log
32,Experiment_2023-09-27T14:47:53.106673_freckle_33_RPE-A.log
33,Experiment_2023-09-27T15:11:46.375300_freckle_34_RPE-A.log
34,Experiment_2023-09-27T15:13:45.598448_freckle_35_RPE-A.log
35,Experiment_2023-09-27T15:14:53.418330_freckle_36_RPE-H.log
36,Experiment_2023-10-01T21:30:25.370452_bonnie_1_RPE-ER.log
37,Experiment_2023-10-02T21:29:38.930298_bonnie_3_RPE-E.log
38,Experiment_2023-10-02T21:36:35.129533_bonnie_5_RPE-E.log
39,Experiment_2023-10-02T21:48:30.671177_bonnie_7_RPE-E.log
40,Experiment_2023-10-02T21:49:55.243461_bonnie_8_RPE-E.log
41,Experiment_2023-10-02T21:54:24.204888_bonnie_9_RPE-E.log
42,Experiment_2023-10-03T14:46:54.142393_bonnie_13_RPE-A.log
43,Experiment_2023-10-03T14:49:19.788722_bonnie_14_RPE-E.log
44,Experiment_2023-10-03T15:47:58.851744_bonnie_17_RPE-ER.log
45,Experiment_2023-10-03T15:49:53.434406_bonnie_18_RPE-ER.log
46,Experiment_2023-10-03T15:51:18.338653_bonnie_19_RPE-ER.log
47,Experiment_2023-10-03T15:53:05.046783_bonnie_20_RPE-ER.log
48,Experiment_2023-10-03T15:55:12.230656_bonnie_21_RPE-ER.log
49,Experiment_2023-10-03T15:55:57.824712_bonnie_22_RPE-ER.log
50,Experiment_2023-10-03T15:57:14.387878_bonnie_23_RPE-ER.log
51,Experiment_2023-10-03T17:06:11.348668_bonnie_27_RPE-A.log
52,Experiment_2023-10-03T17:26:21.833103_bonnie_29_RPE-A.log
53,Experiment_2023-10-03T17:41:32.659540_bonnie_31_RPE-A.log
54,Experiment_2023-10-04T11:16:26.607943_bonnie_37_RPE-H.log
55,Experiment_2023-10-04T11:19:27.467316_bonnie_38_RPE-H.log
56,Experiment_2023-10-04T11:23:56.041432_bonnie_39_RPE-H.log
57,Experiment_2023-10-04T11:25:49.143508_bonnie_40_RPE-H.log
58,Experiment_2023-10-05T11:10:29.568271_bonnie_44_RPE-A.log
59,Experiment_2023-10-05T11:14:42.112376_bonnie_45_RPE-A.log
60,Experiment_2023-10-10T14:41:41.421027_bonnie_47_RPE-A.log
61,Experiment_2023-10-10T14:50:09.959521_bonnie_49_RPE-A.log
62,Experiment_2023-10-10T14:54:39.594269_bonnie_50_RPE-A.log
63,Experiment_2023-10-10T14:56:35.386956_bonnie_51_RPE-A.log
64,Experiment_2023-10-10T14:58:18.383390_bonnie_52_RPE-A.log
65,Experiment_2023-10-10T15:00:02.761887_bonnie_53_RPE-A.log
66,Experiment_2023-10-11T16:53:56.812604_bonnie_57_RPE-A.log
67,Experiment_2023-10-11T16:56:09.875604_bonnie_58_RPE-A.log
68,Experiment_2023-10-12T09:30:06.921277_bonnie_60_RPE-A.log
69,Experiment_2023-10-12T10:25:51.596076_bonnie_62_RPE-A.log
70,Experiment_2023-10-14T14:02:33.034360_test_1_RPE-A.log
71,Experiment_2023-10-14T14:17:28.893616_test_2_RPE-A.log
72,Experiment_2023-10-14T16:30:02.317664_test_3_RPE-A.log
73,Experiment_2023-10-14T16:39:40.278479_test_4_RPE-A.log
74,Experiment_2023-10-15T12:58:30.834841_test_5_RPE-A.log
75,Experiment_2023-10-15T13:00:44.847966_test_6_RPE-E.log
76,Experiment_2023-10-15T13:02:44.648723_test_7_RPE-H.log
77,Experiment_2023-10-15T13:45:08.089016_test_66_RPE-A.log
78,Experiment_2023-10-15T13:46:55.084591_test_8_RPE-H.log
79,Experiment_2023-10-15T13:48:29.602183_test_9_RPE-E.log
80,Experiment_2023-10-15T13:49:30.077464_test_10_RPE-R.log
81,Experiment_2023-10-15T13:51:51.887510_test_11_RPE-ER.log
82,Experiment_2023-10-15T13:52:54.558608_test_12_RPE-R.log
83,Experiment_2023-10-15T13:56:41.526970_test_13_RPE-ER.log
84,Experiment_2023-10-15T13:57:42.928455_test_14_RPE-R.log
85,Experiment_2023-10-16T09:47:31.448587_test_15_RPE-A.log
86,Experiment_2023-10-16T16:55:54.839279_bonnie_68_RPE-A.log
87,Experiment_2023-10-17T09:26:44.693543_test_16_RPE-A.log
88,Experiment_2023-10-18T09:31:48.084524_test_17_RPE-A.log
89,Experiment_2023-10-19T11:06:48.493712_test_18_RPE-E.log
90,Experiment_2023-10-19T14:37:56.973616_bonnie_72_RPE-H.log
91,Experiment_2023-10-19T21:35:38.927194_test_19_RPE-E.log
92,Experiment_2023-10-19T21:39:11.205244_test_20_RPE-E.log
93,Experiment_2023-10-19T21:41:33.892228_test_21_RPE-E.log
94,Experiment_2023-10-19T21:48:52.593106_test_22_RPE-E.log
95,Experiment_2023-10-19T21:56:38.741122_test_23_RPE-E.log
96,Experiment_2023-10-19T22:02:55.076683_test_24_RPE-ER.log
97,Experiment_2023-10-19T22:07:31.503550_test_25_RPE-ER.log
98,Experiment_2023-10-20T09:40:53.332389_test_26_RPE-ER.log
99,Experiment_2023-10-20T10:32:29.940203_test_27_RPE-ER.log
100,Experiment_2023-10-20T10:42:32.279702_test_28_RPE-R.log
101,Experiment_2023-10-20T14:27:36.615194_test_29_RPE-E.log
102,Experiment_2023-10-20T14:38:25.640480_test_30_RPE-E.log
103,Experiment_2023-10-20T14:43:30.047393_test_31_RPE-E.log
104,Experiment_2023-10-20T14:48:01.334075_test_32_RPE-E.log
105,Experiment_2023-10-20T14:50:54.501572_test_33_RPE-E.log
106,Experiment_2023-10-20T14:56:46.673494_test_34_RPE-E.log
107,Experiment_2023-10-20T14:57:38.459904_test_35_RPE-E.log
108,Experiment_2023-10-20T15:00:41.609414_test_36_RPE-E.log
109,Experiment_2023-10-20T15:01:46.830359_test_37_RPE-E.log
110,Experiment_2023-10-20T15:04:02.041461_test_38_RPE-E.log
111,Experiment_2023-10-20T17:14:09.749799_test_39_RPE-ER.log
112,Experiment_2023-10-20T17:32:55.598821_test_40_RPE-R.log
113,Experiment_2023-10-20T17:34:34.554932_test_41_RPE-R.log
114,Experiment_2023-10-21T11:46:02.795845_test_42_RPE-E.log
115,Experiment_2023-10-22T08:57:06.001784_test_43_RPE-ER.log
116,Experiment_2023-11-12T12:56:53.782626_test_44_RPE-A.log
117,Experiment_2023-11-12T12:57:34.300575_test_45_RPE-A.log
118,Experiment_2023-11-12T12:58:28.736225_test_46_RPE-E.log
119,Experiment_2023-11-12T13:15:12.947767_test_47_RPE-A.log
120,Experiment_2023-11-14T08:30:16.920161_test_48.0_RPE-A.log
121,Experiment_2023-11-14T08:31:45.701514_test_49.0_RPE-A.log
122,Experiment_2023-11-14T17:07:12.970518_test_50.0_RPE-A.log
123,Experiment_2023-11-15T01:30:45.892917_test_51.0_RPE-A.log
124,Experiment_2023-11-15T01:32:44.764811_test_52.0_RPE-A.log
125,Experiment_2023-11-15T01:36:58.739107_test_53.0_RPE-A.log
126,Experiment_2023-11-15T01:39:54.632961_test_54.0_RPE-A.log
127,Experiment_2023-11-15T01:43:44.825973_test_55.0_RPE-A.log
128,Experiment_2023-11-15T16:40:46.314450_test_56.0_RPE-H.log
129,Experiment_2023-11-15T17:56:00.779411_test_57.0_RPE-A.log
130,Experiment_2023-11-15T18:16:50.052746_test_58.0_RPE-A.log
131,Experiment_2023-11-15T18:18:48.714386_test_59.0_RPE-A.log
132,Experiment_2023-11-15T18:20:23.629687_test_60.0_RPE-A.log
133,Experiment_2023-11-15T20:41:59.398134_test_61.0_RPE-A.log
134,Experiment_2023-11-15T20:48:00.819489_test_62.0_RPE-H.log
135,Experiment_2023-11-15T20:49:17.727676_test_63.0_RPE-H.log
136,Experiment_2023-11-15T20:50:18.578982_test_64.0_RPE-H.log
137,Experiment_2023-11-15T21:03:43.096004_test_65.0_RPE-H.log
138,Experiment_2023-11-15T21:07:50.165426_test_66.0_RPE-H.log
139,Experiment_2023-11-15T21:10:36.078796_test_67.0_RPE-H.log
140,Experiment_2023-11-15T22:09:01.679495_test_68.0_RPE-H.log
141,Experiment_2023-11-15T22:10:07.405812_test_69.0_RPE-H.log
142,Experiment_2023-11-15T23:54:56.633327_test_70.0_RPE-H.log
143,Experiment_2023-11-15T23:57:11.594943_test_71.0_RPE-H.log
144,Experiment_2023-11-16T06:56:18.974943_test_72.0_RPE-H.log
145,Experiment_2023-11-16T12:32:14.948151_test_73.0_RPE-H.log
146,Experiment_2023-11-16T16:06:19.624951_test_74.0_RPE-H.log
147,Experiment_2023-11-16T19:05:57.139616_test_75.0_RPE-H.log
148,Experiment_2023-11-17T02:29:52.971586_test_76.0_RPE-ER.log
149,Experiment_2023-11-17T02:30:25.086730_test_77.0_RPE-R.log
