0,Experiment_2023-09-27T14:03:54.673201_freckle_30_RPE-A.log
1,Experiment_2023-10-20T09:40:53.332389_test_26_RPE-ER.log
2,Experiment_2023-09-27T14:47:53.106673_freckle_33_RPE-A.log
3,Experiment_2023-11-15T20:48:00.819489_test_62.0_RPE-H.log
4,Experiment_2023-10-15T13:02:44.648723_test_7_RPE-H.log
5,Experiment_2023-10-19T11:06:48.493712_test_18_RPE-E.log
6,Experiment_2023-10-15T13:45:08.089016_test_66_RPE-A.log
7,Experiment_2023-10-19T21:41:33.892228_test_21_RPE-E.log
8,Experiment_2023-10-17T09:26:44.693543_test_16_RPE-A.log
9,Experiment_2023-11-14T08:31:45.701514_test_49.0_RPE-A.log
10,Experiment_2023-10-15T13:49:30.077464_test_10_RPE-R.log
11,Experiment_2023-10-15T13:46:55.084591_test_8_RPE-H.log
12,Experiment_2023-09-19T16:19:12.572307_freckle_4_RPE-A.log
13,Experiment_2023-10-14T16:30:02.317664_test_3_RPE-A.log
14,Experiment_2023-10-18T09:31:48.084524_test_17_RPE-A.log
15,Experiment_2023-11-15T01:32:44.764811_test_52.0_RPE-A.log
16,Experiment_2023-11-15T17:56:00.779411_test_57.0_RPE-A.log
17,Experiment_2023-09-19T16:17:33.909927_freckle_3_RPE-A.log
18,Experiment_2023-09-25T22:25:05.044059_freckle_23_RPE-A.log
19,Experiment_2023-10-15T13:57:42.928455_test_14_RPE-R.log
20,Experiment_2023-11-15T18:16:50.052746_test_58.0_RPE-A.log
21,Experiment_2023-09-26T07:49:17.367344_freckle_26_RPE-A.log
22,Experiment_2023-11-15T21:10:36.078796_test_67.0_RPE-H.log
23,Experiment_2023-10-20T14:56:46.673494_test_34_RPE-E.log
24,Experiment_2023-11-12T13:15:12.947767_test_47_RPE-A.log
25,Experiment_2023-11-12T12:58:28.736225_test_46_RPE-E.log
26,Experiment_2023-11-15T01:43:44.825973_test_55.0_RPE-A.log
27,Experiment_2023-09-19T19:57:28.076623_freckle_16_RPE-E.log
28,Experiment_2023-09-19T16:25:18.881790_freckle_8_RPE-A.log
29,Experiment_2023-09-19T16:19:55.728554_freckle_5_RPE-A.log
30,Experiment_2023-10-20T14:38:25.640480_test_30_RPE-E.log
31,Experiment_2023-10-20T17:14:09.749799_test_39_RPE-ER.log
32,Experiment_2023-09-27T15:14:53.418330_freckle_36_RPE-H.log
33,Experiment_2023-09-27T14:03:18.319906_freckle_29_RPE-A.log
34,Experiment_2023-10-15T13:56:41.526970_test_13_RPE-ER.log
35,Experiment_2023-10-20T15:01:46.830359_test_37_RPE-E.log
36,Experiment_2023-10-20T17:32:55.598821_test_40_RPE-R.log
37,Experiment_2023-11-12T12:56:53.782626_test_44_RPE-A.log
38,Experiment_2023-10-14T14:17:28.893616_test_2_RPE-A.log
39,Experiment_2023-09-19T19:58:55.304693_freckle_17_RPE-E.log
40,Experiment_2023-09-19T20:00:34.628352_freckle_18_RPE-E.log
41,Experiment_2023-10-19T21:56:38.741122_test_23_RPE-E.log
42,Experiment_2023-10-14T14:02:33.034360_test_1_RPE-A.log
43,Experiment_2023-09-19T16:23:23.201244_freckle_7_RPE-A.log
44,Experiment_2023-10-22T08:57:06.001784_test_43_RPE-ER.log
45,Experiment_2023-09-25T22:14:19.662742_freckle_22_RPE-A.log
46,Experiment_2023-10-16T09:47:31.448587_test_15_RPE-A.log
47,Experiment_2023-09-25T21:49:59.343762_freckle_21_RPE-A.log
48,Experiment_2023-09-27T15:11:46.375300_freckle_34_RPE-A.log
49,Experiment_2023-09-19T19:56:16.884691_freckle_15_RPE-E.log
50,Experiment_2023-11-15T16:40:46.314450_test_56.0_RPE-H.log
51,Experiment_2023-09-27T15:13:45.598448_freckle_35_RPE-A.log
52,Experiment_2023-10-20T14:50:54.501572_test_33_RPE-E.log
53,Experiment_2023-10-20T14:43:30.047393_test_31_RPE-E.log
54,Experiment_2023-09-19T16:31:05.579656_freckle_12_RPE-A.log
55,Experiment_2023-10-15T12:58:30.834841_test_5_RPE-A.log
56,Experiment_2023-09-25T22:25:28.808732_freckle_24_RPE-A.log
57,Experiment_2023-09-26T07:57:14.692853_freckle_27_RPE-A.log
58,Experiment_2023-10-20T14:27:36.615194_test_29_RPE-E.log
59,Experiment_2023-10-15T13:00:44.847966_test_6_RPE-E.log
60,Experiment_2023-10-15T13:48:29.602183_test_9_RPE-E.log
61,Experiment_2023-11-17T02:29:52.971586_test_76.0_RPE-ER.log
62,Experiment_2023-10-19T22:02:55.076683_test_24_RPE-ER.log
63,Experiment_2023-09-19T16:27:33.542567_freckle_10_RPE-A.log
64,Experiment_2023-11-15T01:30:45.892917_test_51.0_RPE-A.log
65,Experiment_2023-11-16T16:06:19.624951_test_74.0_RPE-H.log
66,Experiment_2023-09-25T22:26:25.748467_freckle_25_RPE-A.log
67,Experiment_2023-10-20T10:32:29.940203_test_27_RPE-ER.log
68,Experiment_2023-10-19T22:07:31.503550_test_25_RPE-ER.log
69,Experiment_2023-10-20T15:00:41.609414_test_36_RPE-E.log
70,Experiment_2023-09-19T16:32:35.392081_freckle_13_RPE-A.log
71,Experiment_2023-11-15T01:39:54.632961_test_54.0_RPE-A.log
72,Experiment_2023-11-15T20:41:59.398134_test_61.0_RPE-A.log
73,Experiment_2023-09-19T16:29:16.673881_freckle_11_RPE-A.log
74,Experiment_2023-11-15T23:54:56.633327_test_70.0_RPE-H.log
75,Experiment_2023-11-15T21:03:43.096004_test_65.0_RPE-H.log
76,Experiment_2023-09-19T16:48:01.696929_freckle_14_RPE-A.log
77,Experiment_2023-10-19T21:39:11.205244_test_20_RPE-E.log
78,Experiment_2023-11-15T20:49:17.727676_test_63.0_RPE-H.log
79,Experiment_2023-11-17T02:30:25.086730_test_77.0_RPE-R.log
80,Experiment_2023-09-19T16:20:31.325039_freckle_6_RPE-A.log
81,Experiment_2023-11-12T12:57:34.300575_test_45_RPE-A.log
82,Experiment_2023-11-15T22:09:01.679495_test_68.0_RPE-H.log
83,Experiment_2023-11-16T19:05:57.139616_test_75.0_RPE-H.log
84,Experiment_2023-11-15T21:07:50.165426_test_66.0_RPE-H.log
85,Experiment_2023-11-15T23:57:11.594943_test_71.0_RPE-H.log
86,Experiment_2023-09-19T16:15:28.725921_freckle_2_RPE-A.log
87,Experiment_2023-10-21T11:46:02.795845_test_42_RPE-E.log
88,Experiment_2023-11-15T18:18:48.714386_test_59.0_RPE-A.log
89,Experiment_2023-11-14T08:30:16.920161_test_48.0_RPE-A.log
90,Experiment_2023-09-19T16:09:27.219727_freckle_1_RPE-A.log
91,Experiment_2023-10-15T13:52:54.558608_test_12_RPE-R.log
92,Experiment_2023-09-25T21:49:29.989350_freckle_20_RPE-A.log
93,Experiment_2023-11-15T20:50:18.578982_test_64.0_RPE-H.log
94,Experiment_2023-09-19T16:26:25.978207_freckle_9_RPE-A.log
95,Experiment_2023-10-20T14:57:38.459904_test_35_RPE-E.log
96,Experiment_2023-09-19T20:05:45.745106_freckle_19_RPE-H.log
97,Experiment_2023-09-27T14:07:15.632622_freckle_31_RPE-A.log
98,Experiment_2023-10-20T10:42:32.279702_test_28_RPE-R.log
99,Experiment_2023-11-14T17:07:12.970518_test_50.0_RPE-A.log
100,Experiment_2023-10-19T21:48:52.593106_test_22_RPE-E.log
101,Experiment_2023-11-15T18:20:23.629687_test_60.0_RPE-A.log
102,Experiment_2023-10-20T17:34:34.554932_test_41_RPE-R.log
103,Experiment_2023-09-27T14:43:05.058804_freckle_32_RPE-A.log
104,Experiment_2023-09-27T13:52:53.135793_freckle_28_RPE-A.log
105,Experiment_2023-10-20T14:48:01.334075_test_32_RPE-E.log
106,Experiment_2023-10-14T16:39:40.278479_test_4_RPE-A.log
107,Experiment_2023-11-15T01:36:58.739107_test_53.0_RPE-A.log
108,Experiment_2023-10-20T15:04:02.041461_test_38_RPE-E.log
109,Experiment_2023-11-16T06:56:18.974943_test_72.0_RPE-H.log
110,Experiment_2023-10-15T13:51:51.887510_test_11_RPE-ER.log
111,Experiment_2023-10-19T21:35:38.927194_test_19_RPE-E.log
112,Experiment_2023-11-16T12:32:14.948151_test_73.0_RPE-H.log
113,Experiment_2023-11-15T22:10:07.405812_test_69.0_RPE-H.log
