0,Experiment_2023-10-12T15:46:06.888927_test_1_Test Type 1.log
1,Experiment_2023-10-12T16:40:33.235990_test_2_Test Type 1.log
2,Experiment_2023-10-12T18:03:42.171375_test_3_Test Type 1.log
3,Experiment_2023-10-12T18:22:18.941841_test_4_Test Type 1.log
4,Experiment_2023-10-14T14:04:33.216879_test_5_Test Type 1.log
5,Experiment_2023-10-14T14:18:19.591461_test_6_Test Type 1.log
6,Experiment_2023-10-14T16:16:13.665486_test_7_Test Type 1.log
7,Experiment_2023-10-14T16:17:12.182969_test_8_Test Type 1.log
8,Experiment_2023-10-14T16:22:34.525003_test_9_Test Type 1.log
9,Experiment_2023-10-14T16:23:40.527651_test_10_Test Type 1.log
10,Experiment_2023-10-14T16:27:08.126468_test_11_Test Type 1.log
11,Experiment_2023-10-15T12:56:51.818481_test_12_Test Type 1.log
12,Experiment_2023-10-19T11:02:06.411267_test_13_Test Type 3.log
13,Experiment_2023-10-19T11:03:39.864939_test_14_Test Type 3.log
14,Experiment_2023-10-22T08:59:23.829638_test_15_Training - fixed.log
15,Experiment_2023-10-22T09:01:19.355843_test_16_Test Type 1.log
16,Experiment_2023-11-12T12:47:48.242423_test_17_Training - fixed.log
17,Experiment_2023-11-12T12:48:52.126658_test_18_Training randomised Type 1.log
18,Experiment_2023-11-12T12:49:56.391714_test_19_Training - fixed.log
19,Experiment_2023-11-12T12:51:20.899043_test_20_Test Type 1.log
20,Experiment_2023-11-12T12:55:08.300741_test_21_Test Type 1.log
21,Experiment_2023-11-12T13:09:31.005188_test_22_Training randomised Type 1.log
22,Experiment_2023-11-12T13:11:43.215184_test_23_Test Type 1.log
23,Experiment_2023-11-12T18:43:03.826789_test_24_Training - fixed.log
24,Experiment_2023-11-13T02:29:52.642650_olive_nan_Training - fixed.log
25,Experiment_2023-11-13T11:33:46.376405_olive_nan_Training - fixed.log
26,Experiment_2023-11-13T20:03:39.068756_olive_nan_Training - fixed.log
27,Experiment_2023-11-14T05:58:36.907156_olive_nan_Training randomised Type 1.log
28,Experiment_2023-11-14T14:59:07.142800_olive_nan_Training randomised Type 2.log
29,Experiment_2023-11-14T17:05:57.733618_test_25.0_Test Type 1.log
30,Experiment_2023-11-14T23:36:17.533465_olive_nan_Test Type 1.log
31,Experiment_2023-11-15T09:41:39.426216_test_26.0_Training - fixed.log
32,Experiment_2023-11-15T09:42:21.067286_test_27.0_Test Type 2.log
33,Experiment_2023-11-15T16:30:49.568257_test_28.0_Test Type 1.log
34,Experiment_2023-11-16T22:24:59.894156_test_29.0_Test Type 1.log
